-- This file is to bootstrap a database for the CS3200 project.
SET @OLD_UNIQUE_CHECKS=@@UNIQUE_CHECKS, UNIQUE_CHECKS=0;
SET @OLD_FOREIGN_KEY_CHECKS=@@FOREIGN_KEY_CHECKS, FOREIGN_KEY_CHECKS=0;
SET @OLD_SQL_MODE=@@SQL_MODE, SQL_MODE='TRADITIONAL,ALLOW_INVALID_DATES';

-- Create a new database.  You can change the name later.  You'll
-- need this name in the FLASK API file(s),  the AppSmith
-- data source creation.
create database if not exists HotelFranchiseDB;

-- Via the Docker Compose file, a special user called webapp will
-- be created in MySQL. We are going to grant that user
-- all privileges to the new database we just created.
-- TODO: If you changed the name of the database above, you need
-- to change it here too.
CREATE USER IF NOT EXISTS 'webapp'@'%' IDENTIFIED BY 'badpassword';
GRANT ALL PRIVILEGES ON HotelFranchiseDB.* TO 'webapp'@'%';
FLUSH PRIVILEGES;

-- Move into the database we just created.
-- TODO: If you changed the name of the database above, you need to
-- change it here too.
use HotelFranchiseDB;

-- DDL
CREATE TABLE Hotel (
  hotelId INTEGER PRIMARY KEY AUTO_INCREMENT,
  region VARCHAR(30)
);

CREATE TABLE Employee (
    employeeId INTEGER PRIMARY KEY AUTO_INCREMENT,
    phoneNumber VARCHAR(15) NOT NULL,
    weeklyHours INTEGER,
    approvedDaysOff BOOLEAN DEFAULT 0,
    requestedDaysOffStart DATETIME,
    requestedDaysOffEnd DATETIME,
    firstName VARCHAR(15) NOT NULL,
    lastName VARCHAR(20) NOT NULL,
    hourlyPay DECIMAL(4,2) NOT NULL,
    role VARCHAR(20) NOT NULL,
    hotelId INTEGER NOT NULL,
    FOREIGN KEY (hotelId) REFERENCES Hotel (hotelId)
        ON UPDATE cascade ON DELETE restrict
);

CREATE TABLE Shift (
    timeOff BOOLEAN DEFAULT false,
    employeeId INTEGER NOT NULL,
    dateTimeEnd DATETIME,
    dateTimeStart DATETIME NOT NULL,
    PRIMARY KEY(employeeId, dateTimeStart),
    CONSTRAINT fk_employeeId
        FOREIGN KEY (employeeId) REFERENCES Employee (employeeId)
        ON UPDATE CASCADE
        ON DELETE CASCADE
);


CREATE TABLE Supplies (
    minUnits INTEGER DEFAULT 1,
    name VARCHAR(15) NOT NULL,
    unitsInStock INTEGER DEFAULT 0,
    hotelId INTEGER,
    FOREIGN KEY (hotelId) REFERENCES Hotel (hotelId)
         ON UPDATE cascade ON DELETE restrict
);

CREATE TABLE Room (
    roomNum INTEGER AUTO_INCREMENT,
    cleaned BOOL DEFAULT 0,
    occupancy INTEGER NOT NULL ,
    hotelId INTEGER,
    yearlyMaintenance DECIMAL(6, 2),
    roomPrice DECIMAL(6, 2),
    PRIMARY KEY (roomNum, hotelId),
    FOREIGN KEY (hotelId) REFERENCES Hotel (hotelId)
        ON UPDATE cascade ON DELETE restrict
);

CREATE TABLE Customer (
    phoneNumber VARCHAR(15) NOT NULL,
    mostRecentStay DATE DEFAULT NULL,
    customerId INTEGER AUTO_INCREMENT PRIMARY KEY,
    firstName VARCHAR(10),
    lastName VARCHAR(10)
);

CREATE TABLE Booking (
    roomNum INTEGER AUTO_INCREMENT,
    hotelId INTEGER,
    customerId INTEGER,
    occupancyStartDate DATETIME,
    occupancyEndDate DATETIME,
    PRIMARY KEY (roomNum, hotelId, customerId),
    FOREIGN KEY (roomNum) REFERENCES Room (roomNum)
        ON UPDATE cascade,
    FOREIGN KEY (hotelId) REFERENCES Room (hotelId)
        ON UPDATE cascade ON DELETE restrict,
    FOREIGN KEY (customerId) REFERENCES Customer (customerId)
        ON UPDATE cascade ON DELETE restrict
);

CREATE TABLE Preference (
    customerId INTEGER,
    preference VARCHAR(500),
    FOREIGN KEY (customerId) REFERENCES Customer (customerId)
        ON UPDATE cascade ON DELETE restrict
);

-- Add sample data.
INSERT INTO Hotel (region, hotelId)
VALUES
   ('Verkhnyaya Tura', 1),
   ('Castro Barros', 2),
   ('Longyuanba', 3),
   ('Shitan', 4),
   ('Zubrzyca Dolna', 5),
   ('Novomyshastovskaya', 6),
   ('Goragorskiy', 7),
   ('Distracción', 8),
   ('Riachos', 9),
   ('Sanli', 10),
   ('Toulouse', 11),
   ('Kostrzyn nad Odrą', 12),
   ('Wolanów', 13),
   ('Ungca', 14),
   ('Krajan Waturoyo', 15),
   ('Montpellier', 16),
   ('Mingshui', 17),
   ('Kedungbang', 18),
   ('Santiago', 19),
   ('Fengdian', 20),
   ('Hamilton', 21),
   ('Sandviken', 22),
   ('Sucha', 23),
   ('Piracanjuba', 24),
   ('Nepeña', 25),
   ('Bent Jbaïl', 26),
   ('Mersam', 27),
   ('Diavatá', 28),
   ('Paris 08', 29),
   ('Kabankalan', 30),
   ('Trảng Bom', 31),
   ('Alcaria', 32),
   ('Wanli', 33),
   ('Dama', 34),
   ('Jämsänkoski', 35),
   ('Puqi', 36),
   ('Ríohacha', 37),
   ('Torbay', 38),
   ('Seropédica', 39),
   ('Szemud', 40),
   ('Guchang', 41),
   ('Shiliting', 42),
   ('Golema Rečica', 43),
   ('Pskov', 44),
   ('Martakert', 45),
   ('Zbąszyń', 46),
   ('Jawhar', 47),
   ('Kembangarum', 48),
   ('Oullins', 49),
   ('Petrolia', 50),
   ('Dieppe', 51),
   ('San Francisco Zapotitlán', 52),
   ('Águas de Lindóia', 53),
   ('Dandu', 54),
   ('Delaware', 55),
   ('Kogon', 56),
   ('Wanxian', 57),
   ('Bosaso', 58),
   ('Wangcun', 59),
   ('Zhangshi', 60)
;

INSERT into Employee (PhoneNumber, WeeklyHours, ApprovedDaysOff, RequestedDaysOffStart, RequestedDaysOffEnd, firstName, lastName, hourlyPay, role, employeeId, hotelId)
VALUES
   ('836-821-2686', 20, false, '2023-10-16', '2022-12-29', 'Brunhilda', 'Lenormand', 60.35, 'Front desk agent', 1, '12'),
   ('405-626-8963', 35, false, '2023-07-07', '2023-04-18', 'Stearn', 'Skade', 67.79, 'Janitor', 2, '11'),
   ('482-317-0562', 20, false, '2023-08-04', '2023-03-17', 'Justinn', 'Le Sieur', 49.76, 'Front desk agent', 3, '53'),
   ('797-660-4173', 31, true, '2023-02-05', '2023-02-03', 'Jerrie', 'Labarre', 46.46, 'Front desk agent', 4, '51'),
   ('571-143-7187', 24, true, '2023-07-10', '2023-07-07', 'Welch', 'Legge', 63.28, 'Front desk agent', 5, '50'),
   ('420-598-4684', 38, true, '2023-02-19', '2023-07-11', 'Brietta', 'Gervaise', 22.94, 'Front desk agent', 6, '18'),
   ('428-201-3960', 20, true, '2023-08-23', '2023-05-19', 'Bradley', 'Alden', 56.72, 'Manager', 7, '28'),
   ('735-605-9766', 35, false, '2023-02-01', '2023-04-16', 'Latia', 'Wherry', 18.49, 'Front desk agent', 8, '40'),
   ('728-476-1040', 26, true, '2023-08-17', '2022-12-31', 'Nesta', 'Cuniffe', 40.46, 'Manager', 9, '21'),
   ('986-779-7597', 27, false, '2023-03-26', '2023-09-13', 'Garreth', 'Everley', 55.25, 'Manager', 10, '47'),
   ('717-155-4981', 31, true, '2023-10-20', '2023-10-14', 'Eliza', 'Knightsbridge', 31.71, 'Janitor', 11, '9'),
   ('673-891-8885', 23, true, '2023-05-27', '2023-06-22', 'Boigie', 'Stenet', 16.66, 'Front desk agent', 12, '4'),
   ('382-528-6863', 35, false, '2023-05-03', '2023-05-01', 'Darice', 'Buxcey', 67.65, 'Housekeeper', 13, '55'),
   ('693-241-5991', 28, true, '2023-10-26', '2023-05-14', 'Gwenny', 'Calf', 20.91, 'Cook', 14, '59'),
   ('255-400-8609', 27, false, '2023-08-03', '2023-03-01', 'Odell', 'Yokley', 25.74, 'Manager', 15, '49'),
   ('957-220-0694', 21, false, '2023-06-08', '2023-08-03', 'Alvira', 'Stollard', 59.64, 'Front desk agent', 16, '58'),
   ('926-329-7733', 27, true, '2023-05-27', '2023-04-10', 'Merell', 'Hutchinson', 15.26, 'Front desk agent', 17, '57'),
   ('693-415-0878', 24, true, '2023-09-14', '2023-01-22', 'Alis', 'Locarno', 23.86, 'Front desk agent', 18, '3'),
   ('684-549-5618', 36, false, '2023-07-20', '2023-10-22', 'Bryn', 'Stranahan', 21.59, 'Front desk agent', 19, '52'),
   ('277-342-9950', 39, false, '2022-12-07', '2023-06-29', 'Chevalier', 'Brewers', 94.23, 'Manager', 20, '10'),
   ('766-445-3279', 37, true, '2023-01-27', '2023-08-13', 'Donica', 'Mowbray', 81.58, 'Janitor', 21, '22'),
   ('418-945-6914', 35, true, '2023-10-23', '2023-07-17', 'Nicholas', 'Patriche', 77.98, 'Housekeeper', 22, '39'),
   ('224-403-7238', 26, false, '2023-07-23', '2023-06-06', 'Orella', 'Burchnall', 67.64, 'Front desk agent', 23, '45'),
   ('596-787-4163', 21, true, '2023-11-26', '2023-08-16', 'Nettle', 'Stainsby', 64.65, 'Front desk agent', 24, '34'),
   ('536-345-3912', 22, true, '2023-02-25', '2023-05-16', 'Sidney', 'Fraschetti', 23.91, 'Housekeeper', 25, '41'),
   ('599-959-9706', 36, false, '2023-05-05', '2022-12-02', 'Virginia', 'Jenman', 42.99, 'Housekeeper', 26, '7'),
   ('672-681-0138', 39, true, '2023-07-19', '2023-06-20', 'Al', 'Dunmuir', 32.18, 'Manager', 27, '25'),
   ('973-963-7279', 39, false, '2022-12-07', '2023-08-26', 'Jacobo', 'Saintpierre', 60.34, 'Project Manager', 28, '32'),
   ('380-776-9621', 31, true, '2023-03-06', '2023-03-04', 'Siegfried', 'Adelsberg', 63.34, 'Front desk agent', 29, '20'),
   ('531-704-3968', 23, true, '2023-11-29', '2023-02-25', 'Ronny', 'Gaudon', 92.22, 'Manager', 30, '46'),
   ('438-166-9743', 32, false, '2023-11-24', '2023-06-05', 'Felizio', 'Pittwood', 16.5, 'Front desk agent', 31, '42'),
   ('605-528-6090', 40, false, '2022-12-19', '2023-05-30', 'Elfrieda', 'Ellcome', 68.19, 'Front desk agent', 32, '6'),
   ('415-227-9313', 38, true, '2023-11-11', '2023-09-06', 'Charline', 'Barukh', 96.92, 'Housekeeper', 33, '17'),
   ('161-989-8572', 34, false, '2023-11-20', '2023-01-16', 'Koressa', 'Padley', 89.45, 'Front desk agent', 34, '54'),
   ('763-978-1288', 40, true, '2023-07-07', '2023-02-24', 'Carole', 'Yon', 38.48, 'Manager', 35, '44'),
   ('948-654-8971', 25, true, '2023-04-19', '2023-01-23', 'Zoe', 'Quiddihy', 33.37, 'Front desk agent', 36, '8'),
   ('643-110-8365', 40, true, '2023-03-07', '2023-06-06', 'Blondy', 'Bonar', 61.12, 'Housekeeper', 37, '19'),
   ('696-899-4503', 38, true, '2023-03-14', '2022-12-03', 'Carter', 'Dinnington', 66.13, 'Project Manager', 38, '43'),
   ('306-770-3383', 28, false, '2023-08-21', '2023-01-01', 'Claudie', 'Vobes', 19.12, 'Cook', 39, '56'),
   ('560-111-1892', 23, false, '2023-04-24', '2023-08-04', 'Elvin', 'Killik', 55.41, 'Housekeeper', 40, '27'),
   ('266-110-4307', 22, true, '2023-10-16', '2023-06-21', 'Cordelie', 'Etter', 75.23, 'Cook', 41, '16'),
   ('452-245-2228', 27, true, '2023-01-25', '2022-12-28', 'Kendell', 'Guyot', 87.58, 'Housekeeper', 42, '37'),
   ('909-316-3716', 30, false, '2023-10-15', '2023-01-01', 'Mercy', 'Callander', 19.7, 'Front desk agent', 43, '38'),
   ('477-775-2496', 32, false, '2023-03-24', '2022-12-14', 'Janenna', 'MacFadden', 89.18, 'Front desk agent', 44, '36'),
   ('321-185-6190', 29, false, '2023-03-12', '2023-05-15', 'Ripley', 'Snarr', 34.61, 'Housekeeper', 45, '15'),
   ('951-663-4005', 27, false, '2023-05-08', '2023-01-31', 'Hedi', 'Grimbleby', 85.73, 'Project Manager', 46, '5'),
   ('906-792-1227', 22, false, '2023-02-11', '2023-02-05', 'Andee', 'Menel', 72.18, 'Supervisor', 47, '13'),
   ('669-921-7322', 32, true, '2023-05-16', '2023-07-03', 'Dyann', 'Seiffert', 35.56, 'Supervisor', 48, '33'),
   ('428-803-4904', 34, true, '2023-06-21', '2023-05-19', 'Cleopatra', 'Gaber', 54.53, 'Cook', 49, '29'),
   ('617-680-2047', 20, true, '2023-11-01', '2023-08-06', 'Bianka', 'Pirri', 78.23, 'Housekeeper', 50, '24'),
   ('470-941-2078', 21, false, '2023-09-23', '2023-03-09', 'Addison', 'Berecloth', 61.63, 'Project Manager', 51, '23'),
   ('336-304-1870', 32, true, '2022-12-06', '2023-01-06', 'Garek', 'Giacopetti', 83.52, 'Manager', 52, '60'),
   ('770-870-4237', 40, true, '2023-10-23', '2023-11-08', 'Carmelita', 'MacAndrew', 93.34, 'Manager', 53, '26'),
   ('790-636-0826', 23, false, '2023-01-27', '2023-10-17', 'Pen', 'Bosson', 96.62, 'Supervisor', 54, '35'),
   ('975-849-3194', 25, true, '2022-12-17', '2023-07-01', 'Deane', 'Wason', 43.43, 'Housekeeper', 55, '48'),
   ('716-648-1612', 21, true, '2023-08-05', '2023-11-08', 'Edin', 'Pither', 94.65, 'Manager', 56, '30'),
   ('575-807-6663', 21, false, '2023-06-08', '2023-09-17', 'Edik', 'Glacken', 17.88, 'Front desk agent', 57, '2'),
   ('937-502-7589', 33, true, '2023-04-10', '2023-10-15', 'Milly', 'Nesbeth', 97.59, 'Housekeeper', 58, '1'),
   ('516-873-6088', 30, false, '2023-01-15', '2023-10-13', 'Rockwell', 'Parsons', 42.2, 'Supervisor', 59, '14'),
   ('599-483-7914', 31, false, '2023-01-16', '2023-11-03', 'Fara', 'Easterling', 49.19, 'Front desk agent', 60, '31');

INSERT INTO Shift (timeOff, dateTimeEnd, employeeId, dateTimeStart)
VALUES
  (false, '2023-04-18 01:31:05', '40', '2023-07-05 18:45:58'),
  (false, '2023-03-12 11:21:05', '18', '2023-03-26 06:29:06'),
  (false, '2023-03-08 16:54:44', '52', '2023-06-06 14:20:22'),
  (true, '2023-04-28 07:25:30', '4', '2023-05-16 09:41:14'),
  (true, '2023-02-19 07:31:38', '2', '2023-09-13 02:24:45'),
  (true, '2022-12-12 23:17:48', '57', '2023-07-05 04:16:54'),
  (false, '2023-10-16 11:27:34', '50', '2023-02-27 00:04:47'),
  (false, '2023-03-18 22:43:47', '45', '2023-09-05 15:06:20'),
  (false, '2023-03-17 06:37:10', '25', '2023-08-26 10:45:57'),
  (true, '2022-12-17 10:43:46', '9', '2023-04-23 08:41:51'),
  (true, '2023-02-10 11:48:22', '8', '2022-12-05 18:09:47'),
  (false, '2023-01-15 07:08:26', '11', '2023-10-02 11:27:28'),
  (true, '2023-01-18 21:49:55', '5', '2023-02-07 14:43:20'),
  (true, '2023-09-23 03:53:50', '37', '2023-03-14 21:46:06'),
  (false, '2023-06-20 09:00:50', '38', '2023-01-25 18:44:24'),
  (false, '2023-06-30 18:43:51', '6', '2023-02-14 04:15:27'),
  (true, '2023-08-30 04:25:14', '32', '2023-08-13 19:00:47'),
  (false, '2022-12-26 23:15:35', '55', '2023-01-01 12:09:38'),
  (true, '2023-06-12 18:35:37', '17', '2023-09-30 08:53:25'),
  (true, '2023-07-19 13:18:42', '39', '2023-06-17 08:00:08'),
  (false, '2023-11-06 22:25:32', '24', '2023-06-08 20:54:21'),
  (false, '2023-05-28 21:05:39', '28', '2022-12-10 12:07:12'),
  (false, '2023-05-27 15:07:58', '16', '2023-08-20 16:15:34'),
  (false, '2023-06-13 15:33:27', '54', '2023-08-05 21:08:22'),
  (false, '2023-04-16 14:22:35', '31', '2023-03-20 04:40:36'),
  (true, '2023-03-06 12:34:29', '3', '2023-06-19 14:21:16'),
  (true, '2023-09-26 16:27:37', '34', '2023-04-03 04:11:07'),
  (true, '2023-11-26 19:03:26', '30', '2023-07-08 09:51:00'),
  (true, '2023-04-29 04:54:57', '46', '2023-08-31 16:18:10'),
  (true, '2023-07-01 06:45:39', '20', '2023-07-01 02:26:47'),
  (false, '2023-10-30 00:23:01', '53', '2022-12-13 21:16:15'),
  (true, '2023-09-30 11:42:55', '35', '2023-04-29 12:21:15'),
  (true, '2023-05-20 01:30:04', '60', '2023-07-28 21:53:27'),
  (false, '2023-10-12 05:14:58', '12', '2023-10-29 19:57:57'),
  (true, '2023-06-16 08:54:44', '58', '2023-06-01 21:30:52'),
  (false, '2023-10-21 04:48:48', '59', '2023-06-08 14:36:26'),
  (false, '2023-08-30 10:25:48', '13', '2023-04-19 02:58:12'),
  (true, '2023-07-03 09:00:06', '47', '2023-08-17 09:05:53'),
  (false, '2023-02-06 23:00:59', '7', '2023-08-21 20:12:29'),
  (false, '2023-08-19 07:35:07', '21', '2022-12-05 00:58:38');

Insert into Supplies (minUnits, unitsInStock, hotelId, name)
VALUES
  (63, 3797, '21', 'Coffee'),
  (58, 2949, '12', 'Coffee'),
  (54, 1317, '50', 'Conditioner'),
  (66, 172, '14', 'Toilet Paper'),
  (93, 1686, '16', 'Coffee'),
  (60, 2445, '23', 'Towels'),
  (75, 4725, '27', 'Toothpaste'),
  (60, 2753, '24', 'Cups'),
  (68, 4249, '25', 'Body Wash'),
  (94, 2957, '32', 'Shampoo'),
  (71, 3854, '56', 'Toilet Paper'),
  (91, 2554, '43', 'Towels'),
  (82, 2055, '26', 'Towels'),
  (63, 2200, '34', 'Pillows'),
  (88, 3774, '39', 'Toothpaste'),
  (63, 4543, '5', 'Pillows'),
  (96, 3147, '60', 'Towels'),
  (52, 3309, '11', 'Toothpaste'),
  (87, 3332, '33', 'Coffee'),
  (91, 331, '49', 'Coffee'),
  (78, 1295, '46', 'Pillows'),
  (74, 1002, '22', 'Toothpaste'),
  (84, 3295, '55', 'Towels'),
  (81, 448, '31', 'Cups'),
  (84, 1061, '36', 'Plates'),
  (80, 4147, '13', 'Body Wash'),
  (55, 1165, '52', 'Toilet Paper'),
  (89, 3153, '48', 'Toothpaste'),
  (57, 3523, '40', 'Towels'),
  (64, 1965, '37', 'Toothpaste'),
  (56, 4112, '2', 'Cups'),
  (57, 1846, '41', 'Towels'),
  (79, 2558, '59', 'Towels'),
  (93, 3009, '30', 'Tea'),
  (75, 4777, '19', 'Shampoo'),
  (98, 4450, '51', 'Cups'),
  (77, 2135, '9', 'Soap'),
  (52, 2245, '6', 'Towels'),
  (88, 2325, '28', 'Shampoo'),
  (100, 2453, '44', 'Toilet Paper'),
  (55, 4740, '3', 'Coffee'),
  (84, 1427, '38', 'Shampoo'),
  (93, 1977, '47', 'Plates'),
  (78, 791, '8', 'Soap'),
  (90, 3560, '1', 'Tea'),
  (68, 643, '7', 'Towels'),
  (93, 1149, '17', 'Conditioner'),
  (50, 3662, '10', 'Cups'),
  (99, 2962, '53', 'Plates'),
  (93, 1983, '42', 'Towels'),
  (88, 3184, '45', 'Plates'),
  (78, 1303, '15', 'Toothpaste'),
  (71, 1810, '20', 'Shampoo'),
  (100, 353, '54', 'Soap'),
  (61, 3303, '4', 'Plates'),
  (71, 4479, '18', 'Toothpaste'),
  (68, 2367, '58', 'Tea'),
  (91, 1191, '35', 'Body Wash'),
  (92, 3755, '29', 'Shampoo'),
  (50, 3210, '57', 'Toothpaste');

INSERT INTO Room (cleaned, occupancy, yearlyMaintenance, roomPrice, hotelId)
VALUES
  (false, 2, 5031.15, 217.77, '45'),
  (false, 3, 5172.85, 214.95, '24'),
  (true, 2, 7446.34, 279.07, '56'),
  (true, 2, 5457.8, 182.07, '58'),
  (false, 4, 7576.67, 224.73, '60'),
  (true, 2, 6929.26, 157.84, '28'),
  (false, 1, 7349.58, 138.99, '40'),
  (true, 1, 8723.74, 165.6, '37'),
  (true, 3, 7769.87, 208.2, '55'),
  (true, 1, 8980.0, 238.72, '7'),
  (true, 1, 7640.13, 315.29, '50'),
  (false, 4, 5911.23, 145.6, '32') ,
  (true, 3, 7272.9, 284.39, '53'),
  (true, 3, 7846.81, 133.63, '29'),
  (true, 3, 5294.32, 132.21, '2'),
  (true, 1, 5988.07, 265.96, '34'),
  (true, 4, 6718.53, 312.73, '59'),
  (true, 4, 6804.55, 278.44, '11'),
  (false, 3, 8724.75, 210.37, '35'),
  (true, 1, 8901.79, 275.73, '9'),
  (false, 4, 7334.16, 132.98, '26'),
  (true, 3, 5571.6, 283.63, '23'),
  (true, 3, 6039.83, 317.68, '10'),
  (true, 3, 8799.67, 194.16, '17'),
  (true, 4, 7504.87, 337.18, '21'),
  (false, 3, 7374.76, 174.54, '51'),
  (true, 1, 5274.44, 144.94, '8'),
  (true, 2, 5199.45, 120.99, '20'),
  (false, 2, 5370.53, 185.54, '41'),
  (true, 1, 8056.97, 146.9, '6'),
  (false, 1, 6103.13, 238.38, '42'),
  (false, 2, 7126.0, 117.74, '4'),
  (true, 2, 7615.02, 293.96, '48'),
  (false, 4, 8942.67, 316.1, '1'),
  (false, 2, 5958.67, 277.15, '16'),
  (false, 1, 8248.98, 147.07, '12'),
  (true, 4, 8700.43, 346.6, '14'),
  (false, 3, 5247.28, 149.45, '31'),
  (true, 2, 6089.59, 198.24, '22'),
  (false, 2, 6742.99, 180.68, '47'),
  (true, 4, 7058.14, 116.74, '36'),
  (false, 1, 6690.64, 197.86, '46'),
  (false, 2, 7967.66, 162.08, '49'),
  (false, 4, 5962.64, 110.42, '30'),
  (true, 2, 7837.62, 127.31, '33'),
  (true, 3, 8293.15, 325.94, '39'),
  (false, 1, 5665.54, 339.67, '38'),
  (false, 4, 6196.39, 234.64, '57'),
  (true, 2, 6139.73, 318.49, '13'),
  (false, 3, 7624.85, 151.92, '25'),
  (false, 3, 6403.14, 178.34, '52'),
  (true, 3, 7272.58, 221.63, '27'),
  (false, 1, 6776.25, 128.69, '18'),
  (true, 4, 6678.61, 243.09, '3'),
  (false, 4, 6468.11, 140.39, '44'),
  (true, 1, 6140.87, 166.2, '19'),
  (false, 3, 5642.23, 332.34, '5'),
  (false, 3, 8914.88, 265.2, '54'),
  (false, 2, 8173.25, 265.3, '43'),
  (false, 4, 8745.06, 205.3, '15');

INSERT INTO Customer (phoneNumber, mostRecentStay, firstName, lastName, customerId)
  VALUES
  ('752-647-6613', '2023-03-05', 'Cullan', 'Eakens', 1),
  ('812-431-6935', '2023-06-09', 'Roselia', 'Davidy', 2),
  ('292-588-3795', '2023-10-31', 'Lila', 'Torr', 3),
  ('998-283-5874', '2023-04-13', 'Julianna', 'Duinbleton', 4),
  ('778-763-2903', '2023-05-09', 'Ynez', 'Cluley', 5),
  ('929-985-0970', '2023-05-28', 'Prinz', 'Blakeney', 6),
  ('337-925-1049', '2023-04-21', 'Forrest', 'Allanson', 7),
  ('183-155-1932', '2023-04-30', 'Sinclair', 'Dodman', 8),
  ('412-623-0505', '2022-12-12', 'Jaymie', 'France', 9),
  ('574-158-3387', '2023-09-24', 'Vonny', 'Sprigings', 10),
  ('674-978-7635', '2023-04-01', 'Meriel', 'Geerling', 11),
  ('632-260-5135', '2023-01-20', 'Nancy', 'Tomney', 12),
  ('807-685-3922', '2023-01-19', 'Jodi', 'Hamnett', 13),
  ('286-321-9410', '2023-07-26', 'Kerwin', 'Peirce', 14),
  ('400-392-9099', '2023-07-12', 'Alexandros', 'Jonah', 15),
  ('338-213-6236', '2023-10-02', 'Averyl', 'Watmore', 16),
  ('683-485-7109', '2023-02-18', 'Allys', 'Stambridge', 17),
  ('988-171-5458', '2023-04-20', 'Kerry', 'Griswaite', 18),
  ('195-971-2247', '2023-05-10', 'Berny', 'Steiner', 19),
  ('431-720-2054', '2023-08-06', 'Cassandry', 'Lowerson', 20),
  ('864-665-7422', '2023-09-28', 'Remington', 'Vasiljevic', 21),
  ('331-880-5649', '2023-09-02', 'Cosmo', 'Schapiro', 22),
  ('950-596-8889', '2023-03-28', 'Saudra', 'Campes', 23),
  ('254-411-0539', '2023-06-25', 'Nicolea', 'Hindmoor', 24),
  ('214-886-3331', '2023-01-10', 'Tracee', 'Marmion', 25),
  ('686-908-1438', '2023-11-10', 'Sibbie', 'Delahunty', 26),
  ('585-264-1926', '2023-08-02', 'Karleen', 'Farrans', 27),
  ('883-998-8257', '2023-09-08', 'Gabbie', 'Craigg', 28),
  ('292-432-9989', '2023-02-07', 'Mariam', 'Bessom', 29),
  ('193-582-6056', '2023-10-08', 'Kanya', 'Charity', 30),
  ('453-888-2682', '2023-06-30', 'Clio', 'Robottham', 31),
  ('548-729-2818', '2023-02-22', 'Madeline', 'Hele', 32),
  ('525-122-3405', '2023-01-03', 'Aaron', 'Thackston', 33),
  ('372-615-9624', '2023-10-30', 'Vitoria', 'Lucey', 34),
  ('418-251-8438', '2023-10-26', 'Sharla', 'Matteuzzi', 35),
  ('639-881-9965', '2023-04-15', 'Kerwin', 'Perrigo', 36),
  ('643-379-7060', '2023-09-25', 'Cooper', 'Sherrell', 37),
  ('916-339-5133', '2023-07-06', 'Emerson', 'Stubbs', 38),
  ('473-851-1393', '2023-12-01', 'Israel', 'Vigar', 39),
  ('712-504-9341', '2023-08-14', 'Raffaello', 'Leghorn', 40),
  ('632-282-8469', '2023-10-23', 'Neel', 'Reside', 41),
  ('261-495-4924', '2023-06-03', 'Rosamond', 'Jahnig', 42),
  ('326-445-1661', '2023-11-25', 'Andreana', 'Elcum', 43),
  ('425-858-7141', '2023-04-05', 'Judi', 'Jeeves', 44),
  ('231-384-2059', '2023-02-27', 'Emanuele', 'Everleigh', 45),
  ('823-946-5415', '2023-05-02', 'Clea', 'McKennan', 46),
  ('120-424-4325', '2023-05-19', 'Nadiya', 'Posner', 47),
  ('805-405-0300', '2023-09-18', 'Nicoline', 'Rayson', 48),
  ('916-343-3795', '2023-04-02', 'Bambi', 'Leyburn', 49),
  ('592-640-1953', '2022-12-28', 'Rikki', 'Switzer', 50),
  ('493-438-6213', '2023-06-23', 'Boote', 'Abrahmer', 51),
  ('117-769-0782', '2023-07-18', 'Elfrieda', 'Hofner', 52),
  ('782-784-0125', '2023-02-15', 'Gay', 'Gaynesford', 53),
  ('648-784-0980', '2023-11-21', 'Emilee', 'Ferrandez', 54),
  ('880-997-0739', '2023-01-17', 'Erinn', 'Vidler', 55),
  ('451-147-8484', '2023-02-26', 'Conrado', 'Coney', 56),
  ('758-946-0230', '2023-03-11', 'Evin', 'Newbigging', 57),
  ('931-589-3682', '2023-08-30', 'Anthony', 'Messenger', 58),
  ('204-563-2363', '2022-12-29', 'Powell', 'Vedstra', 59),
  ('105-249-3372', '2022-12-11', 'Codie', 'Lyte', 60)
;

Insert into Booking (occupancyStartDate, occupancyEndDate, roomNum, hotelId, customerId)
  VALUES
    ('2022-12-30', '2023-05-18', '25', '32', '54'),
    ('2023-11-04', '2023-07-27', '33', '46', '37'),
    ('2022-12-05', '2023-10-10', '55', '29', '26'),
    ('2023-04-03', '2023-07-10', '51', '27', '22'),
    ('2023-04-17', '2023-05-25', '15', '1', '33'),
    ('2023-10-13', '2023-10-30', '19', '25', '17'),
    ('2022-12-20', '2023-08-13', '31', '49', '45'),
    ('2023-09-29', '2023-01-29', '59', '37', '44'),
    ('2023-02-03', '2023-08-07', '17', '58', '32'),
    ('2023-01-26', '2023-05-24', '24', '35', '10'),
    ('2023-08-08', '2023-09-06', '5', '47', '55'),
    ('2023-01-03', '2023-02-20', '40', '23', '8'),
    ('2023-02-14', '2023-06-15', '13', '19', '40'),
    ('2023-04-27', '2023-05-20', '7', '45', '7'),
    ('2023-11-27', '2023-09-10', '1', '20', '47'),
    ('2023-04-26', '2023-09-29', '32', '3', '18'),
    ('2023-04-17', '2023-01-26', '44', '41', '16'),
    ('2023-01-04', '2023-11-09', '30', '6', '31'),
    ('2023-04-23', '2023-09-21', '58', '14', '48'),
    ('2023-07-09', '2023-04-29', '54', '48', '29'),
    ('2023-10-12', '2023-08-14', '60', '7', '6'),
    ('2023-08-31', '2023-02-20', '49', '50', '12'),
    ('2023-12-01', '2023-02-22', '2', '5', '5'),
    ('2023-01-03', '2023-08-02', '42', '24', '11'),
    ('2023-04-01', '2023-08-29', '21', '39', '27'),
    ('2023-06-21', '2023-08-21', '3', '38', '19'),
    ('2023-02-04', '2023-05-07', '26', '52', '9'),
    ('2022-12-03', '2023-03-22', '11', '10', '35'),
    ('2023-06-29', '2023-08-20', '53', '40', '57'),
    ('2023-03-16', '2023-06-23', '37', '15', '39'),
    ('2023-04-10', '2023-05-24', '57', '44', '3'),
    ('2023-10-28', '2023-05-26', '45', '36', '38'),
    ('2023-01-24', '2023-08-28', '27', '13', '50'),
    ('2023-06-08', '2023-07-14', '47', '31', '56'),
    ('2023-11-06', '2023-10-26', '14', '9', '15'),
    ('2023-05-11', '2023-01-30', '29', '11', '1'),
    ('2023-09-30', '2023-04-13', '10', '57', '51'),
    ('2023-08-08', '2023-11-21', '39', '60', '53'),
    ('2023-09-22', '2023-06-01', '41', '33', '14');

INSERT INTO Preference (customerId, preference)
VALUES
  ('18', 'close to gym'),
  ('53', 'high floor'),
  ('1', 'bathroom grab bars'),
  ('4', 'city view'),
  ('60', 'late checkout'),
  ('26', 'ocean-view'),
  ('22', 'extra toiletries'),
  ('24', 'close to gym'),
  ('20', 'early check-in'),
  ('31', ''),
  ('33', 'accessible room'),
  ('46', 'city view'),
  ('3', 'late checkout'),
  ('38', 'accessible room'),
  ('34', 'late checkout'),
  ('27', 'crib'),
  ('52', 'iron-board'),
  ('12', ''),
  ('21', 'city view'),
  ('37', 'extra toiletries'),
  ('56', 'ocean-view'),
  ('28', ''),
  ('35', 'close to gym'),
  ('50', 'extra pillows'),
  ('6', 'close to gym'),
  ('29', 'non-smoking room'),
  ('41', 'extra toiletries'),
  ('57', 'accessible room'),
  ('49', 'away from elevator'),
  ('44', 'accessible room'),
  ('25', 'pet-friendly'),
  ('5', 'bathroom grab bars'),
  ('48', 'crib'),
  ('13', 'bathroom grab bars'),
  ('51', 'close to gym'),
  ('36', 'away from ice machine'),
  ('55', 'accessible room'),
  ('54', 'away from elevator'),
  ('42', 'iron-board'),
  ('45', 'extra pillows'),
  ('59', 'extra pillows'),
  ('40', 'early check-in'),
  ('2', 'extra towels'),
  ('32', ''),
  ('15', 'high floor'),
  ('16', 'iron-board'),
  ('9', 'crib'),
  ('39', 'bathroom grab bars'),
  ('10', 'non-smoking room'),
  ('8', ''),
  ('11', 'early check-in'),
  ('58', 'away from elevator'),
  ('30', 'bathroom grab bars'),
  ('14', 'extra pillows'),
  ('19', ''),
  ('47', 'bathroom grab bars'),
  ('43', 'crib'),
  ('17', ''),
  ('23', 'late checkout'),
  ('7', 'city view');

