-- This file is to bootstrap a database for the CS3200 project.
SET @OLD_UNIQUE_CHECKS=@@UNIQUE_CHECKS, UNIQUE_CHECKS=0;
SET @OLD_FOREIGN_KEY_CHECKS=@@FOREIGN_KEY_CHECKS, FOREIGN_KEY_CHECKS=0;
SET @OLD_SQL_MODE=@@SQL_MODE, SQL_MODE='TRADITIONAL,ALLOW_INVALID_DATES';

-- Create a new database.  You can change the name later.  You'll
-- need this name in the FLASK API file(s),  the AppSmith
-- data source creation.
create database if not exists HotelFranchiseDB;

-- Via the Docker Compose file, a special user called webapp will
-- be created in MySQL. We are going to grant that user
-- all privileges to the new database we just created.
-- TODO: If you changed the name of the database above, you need
-- to change it here too.
CREATE USER IF NOT EXISTS 'webapp'@'%' IDENTIFIED BY 'badpassword';
GRANT ALL PRIVILEGES ON HotelFranchiseDB.* TO 'webapp'@'%';
FLUSH PRIVILEGES;

-- Move into the database we just created.
-- TODO: If you changed the name of the database above, you need to
-- change it here too.
use HotelFranchiseDB;

-- DDL
CREATE TABLE Hotel (
  hotelId INTEGER PRIMARY KEY AUTO_INCREMENT,
  region VARCHAR(30)
);

CREATE TABLE Employee (
    employeeId INTEGER PRIMARY KEY AUTO_INCREMENT,
    phoneNumber VARCHAR(15) NOT NULL,
    weeklyHours INTEGER,
    approvedDaysOff BOOLEAN DEFAULT 0,
    requestedDaysOffStart DATETIME,
    requestedDaysOffEnd DATETIME,
    firstName VARCHAR(15) NOT NULL,
    lastName VARCHAR(20) NOT NULL,
    hourlyPay DECIMAL(4,2) NOT NULL,
    role VARCHAR(20) NOT NULL,
    hotelId INTEGER NOT NULL,
    FOREIGN KEY (hotelId) REFERENCES Hotel (hotelId)
        ON UPDATE cascade ON DELETE restrict
);

CREATE TABLE Shift (
    timeOff BOOLEAN DEFAULT false,
    employeeId INTEGER NOT NULL,
    dateTimeEnd DATETIME,
    dateTimeStart DATETIME NOT NULL,
    PRIMARY KEY(employeeId, dateTimeStart),
    CONSTRAINT fk_employeeId
        FOREIGN KEY (employeeId) REFERENCES Employee (employeeId)
        ON UPDATE CASCADE
        ON DELETE CASCADE
);


CREATE TABLE Supplies (
    minUnits INTEGER DEFAULT 1,
    name VARCHAR(15) NOT NULL,
    unitsInStock INTEGER DEFAULT 0,
    hotelId INTEGER,
    FOREIGN KEY (hotelId) REFERENCES Hotel (hotelId)
         ON UPDATE cascade ON DELETE restrict
);

CREATE TABLE Room (
    roomNum INTEGER,
    cleaned BOOL DEFAULT 0,
    occupancy INTEGER NOT NULL ,
    hotelId INTEGER,
    yearlyMaintenance DECIMAL(6, 2),
    roomPrice DECIMAL(6, 2),
    PRIMARY KEY (roomNum, hotelId),
    FOREIGN KEY (hotelId) REFERENCES Hotel (hotelId)
        ON UPDATE cascade ON DELETE restrict
);

CREATE TABLE Customer (
    phoneNumber VARCHAR(15) NOT NULL,
    mostRecentStay DATE DEFAULT NULL,
    customerId INTEGER AUTO_INCREMENT PRIMARY KEY,
    firstName VARCHAR(10),
    lastName VARCHAR(10)
);

CREATE TABLE Booking (
    roomNum INTEGER AUTO_INCREMENT,
    hotelId INTEGER,
    customerId INTEGER,
    occupancyStartDate DATETIME,
    occupancyEndDate DATETIME,
    PRIMARY KEY (roomNum, hotelId, customerId),
    FOREIGN KEY (roomNum) REFERENCES Room (roomNum)
        ON UPDATE cascade,
    FOREIGN KEY (hotelId) REFERENCES Room (hotelId)
        ON UPDATE cascade ON DELETE restrict,
    FOREIGN KEY (customerId) REFERENCES Customer (customerId)
        ON UPDATE cascade ON DELETE cascade
);

CREATE TABLE Preference (
    customerId INTEGER,
    preference VARCHAR(500),
    FOREIGN KEY (customerId) REFERENCES Customer (customerId)
        ON UPDATE cascade ON DELETE cascade
);

-- Add sample data.
INSERT INTO Hotel (region, hotelId)
VALUES
   ('Verkhnyaya Tura', 1),
   ('Castro Barros', 2),
   ('Longyuanba', 3),
   ('Shitan', 4),
   ('Zubrzyca Dolna', 5),
   ('Novomyshastovskaya', 6),
   ('Goragorskiy', 7),
   ('Distracción', 8),
   ('Riachos', 9),
   ('Sanli', 10),
   ('Toulouse', 11),
   ('Kostrzyn nad Odrą', 12),
   ('Wolanów', 13),
   ('Ungca', 14),
   ('Krajan Waturoyo', 15),
   ('Montpellier', 16),
   ('Mingshui', 17),
   ('Kedungbang', 18),
   ('Santiago', 19),
   ('Fengdian', 20),
   ('Hamilton', 21),
   ('Sandviken', 22),
   ('Sucha', 23),
   ('Piracanjuba', 24),
   ('Nepeña', 25),
   ('Bent Jbaïl', 26),
   ('Mersam', 27),
   ('Diavatá', 28),
   ('Paris 08', 29),
   ('Kabankalan', 30),
   ('Trảng Bom', 31),
   ('Alcaria', 32),
   ('Wanli', 33),
   ('Dama', 34),
   ('Jämsänkoski', 35),
   ('Puqi', 36),
   ('Ríohacha', 37),
   ('Torbay', 38),
   ('Seropédica', 39),
   ('Szemud', 40),
   ('Guchang', 41),
   ('Shiliting', 42),
   ('Golema Rečica', 43),
   ('Pskov', 44),
   ('Martakert', 45),
   ('Zbąszyń', 46),
   ('Jawhar', 47),
   ('Kembangarum', 48),
   ('Oullins', 49),
   ('Petrolia', 50),
   ('Dieppe', 51),
   ('San Francisco Zapotitlán', 52),
   ('Águas de Lindóia', 53),
   ('Dandu', 54),
   ('Delaware', 55),
   ('Kogon', 56),
   ('Wanxian', 57),
   ('Bosaso', 58),
   ('Wangcun', 59),
   ('Zhangshi', 60)
;

INSERT into Employee (PhoneNumber, WeeklyHours, ApprovedDaysOff, RequestedDaysOffStart, RequestedDaysOffEnd, firstName, lastName, hourlyPay, role, employeeId, hotelId)
VALUES
   ('836-821-2686', 20, false, '2023-10-16', '2022-12-29', 'Brunhilda', 'Lenormand', 60.35, 'Front desk agent', 1, '12'),
   ('405-626-8963', 35, false, '2023-07-07', '2023-04-18', 'Stearn', 'Skade', 67.79, 'Janitor', 2, '11'),
   ('482-317-0562', 20, false, '2023-08-04', '2023-03-17', 'Justinn', 'Le Sieur', 49.76, 'Front desk agent', 3, '53'),
   ('797-660-4173', 31, true, '2023-02-05', '2023-02-03', 'Jerrie', 'Labarre', 46.46, 'Front desk agent', 4, '51'),
   ('571-143-7187', 24, true, '2023-07-10', '2023-07-07', 'Welch', 'Legge', 63.28, 'Front desk agent', 5, '50'),
   ('420-598-4684', 38, true, '2023-02-19', '2023-07-11', 'Brietta', 'Gervaise', 22.94, 'Front desk agent', 6, '18'),
   ('428-201-3960', 20, true, '2023-08-23', '2023-05-19', 'Bradley', 'Alden', 56.72, 'Manager', 7, '28'),
   ('735-605-9766', 35, false, '2023-02-01', '2023-04-16', 'Latia', 'Wherry', 18.49, 'Front desk agent', 8, '40'),
   ('728-476-1040', 26, true, '2023-08-17', '2022-12-31', 'Nesta', 'Cuniffe', 40.46, 'Manager', 9, '21'),
   ('986-779-7597', 27, false, '2023-03-26', '2023-09-13', 'Garreth', 'Everley', 55.25, 'Manager', 10, '47'),
   ('717-155-4981', 31, true, '2023-10-20', '2023-10-14', 'Eliza', 'Knightsbridge', 31.71, 'Janitor', 11, '9'),
   ('673-891-8885', 23, true, '2023-05-27', '2023-06-22', 'Boigie', 'Stenet', 16.66, 'Front desk agent', 12, '4'),
   ('382-528-6863', 35, false, '2023-05-03', '2023-05-01', 'Darice', 'Buxcey', 67.65, 'Housekeeper', 13, '55'),
   ('693-241-5991', 28, true, '2023-10-26', '2023-05-14', 'Gwenny', 'Calf', 20.91, 'Cook', 14, '59'),
   ('255-400-8609', 27, false, '2023-08-03', '2023-03-01', 'Odell', 'Yokley', 25.74, 'Manager', 15, '49'),
   ('957-220-0694', 21, false, '2023-06-08', '2023-08-03', 'Alvira', 'Stollard', 59.64, 'Front desk agent', 16, '58'),
   ('926-329-7733', 27, true, '2023-05-27', '2023-04-10', 'Merell', 'Hutchinson', 15.26, 'Front desk agent', 17, '57'),
   ('693-415-0878', 24, true, '2023-09-14', '2023-01-22', 'Alis', 'Locarno', 23.86, 'Front desk agent', 18, '3'),
   ('684-549-5618', 36, false, '2023-07-20', '2023-10-22', 'Bryn', 'Stranahan', 21.59, 'Front desk agent', 19, '52'),
   ('277-342-9950', 39, false, '2022-12-07', '2023-06-29', 'Chevalier', 'Brewers', 94.23, 'Manager', 20, '10'),
   ('766-445-3279', 37, true, '2023-01-27', '2023-08-13', 'Donica', 'Mowbray', 81.58, 'Janitor', 21, '22'),
   ('418-945-6914', 35, true, '2023-10-23', '2023-07-17', 'Nicholas', 'Patriche', 77.98, 'Housekeeper', 22, '39'),
   ('224-403-7238', 26, false, '2023-07-23', '2023-06-06', 'Orella', 'Burchnall', 67.64, 'Front desk agent', 23, '45'),
   ('596-787-4163', 21, true, '2023-11-26', '2023-08-16', 'Nettle', 'Stainsby', 64.65, 'Front desk agent', 24, '34'),
   ('536-345-3912', 22, true, '2023-02-25', '2023-05-16', 'Sidney', 'Fraschetti', 23.91, 'Housekeeper', 25, '41'),
   ('599-959-9706', 36, false, '2023-05-05', '2022-12-02', 'Virginia', 'Jenman', 42.99, 'Housekeeper', 26, '7'),
   ('672-681-0138', 39, true, '2023-07-19', '2023-06-20', 'Al', 'Dunmuir', 32.18, 'Manager', 27, '25'),
   ('973-963-7279', 39, false, '2022-12-07', '2023-08-26', 'Jacobo', 'Saintpierre', 60.34, 'Project Manager', 28, '32'),
   ('380-776-9621', 31, true, '2023-03-06', '2023-03-04', 'Siegfried', 'Adelsberg', 63.34, 'Front desk agent', 29, '20'),
   ('531-704-3968', 23, true, '2023-11-29', '2023-02-25', 'Ronny', 'Gaudon', 92.22, 'Manager', 30, '46'),
   ('438-166-9743', 32, false, '2023-11-24', '2023-06-05', 'Felizio', 'Pittwood', 16.5, 'Front desk agent', 31, '42'),
   ('605-528-6090', 40, false, '2022-12-19', '2023-05-30', 'Elfrieda', 'Ellcome', 68.19, 'Front desk agent', 32, '6'),
   ('415-227-9313', 38, true, '2023-11-11', '2023-09-06', 'Charline', 'Barukh', 96.92, 'Housekeeper', 33, '17'),
   ('161-989-8572', 34, false, '2023-11-20', '2023-01-16', 'Koressa', 'Padley', 89.45, 'Front desk agent', 34, '54'),
   ('763-978-1288', 40, true, '2023-07-07', '2023-02-24', 'Carole', 'Yon', 38.48, 'Manager', 35, '44'),
   ('948-654-8971', 25, true, '2023-04-19', '2023-01-23', 'Zoe', 'Quiddihy', 33.37, 'Front desk agent', 36, '8'),
   ('643-110-8365', 40, true, '2023-03-07', '2023-06-06', 'Blondy', 'Bonar', 61.12, 'Housekeeper', 37, '19'),
   ('696-899-4503', 38, true, '2023-03-14', '2022-12-03', 'Carter', 'Dinnington', 66.13, 'Project Manager', 38, '43'),
   ('306-770-3383', 28, false, '2023-08-21', '2023-01-01', 'Claudie', 'Vobes', 19.12, 'Cook', 39, '56'),
   ('560-111-1892', 23, false, '2023-04-24', '2023-08-04', 'Elvin', 'Killik', 55.41, 'Housekeeper', 40, '27'),
   ('266-110-4307', 22, true, '2023-10-16', '2023-06-21', 'Cordelie', 'Etter', 75.23, 'Cook', 41, '16'),
   ('452-245-2228', 27, true, '2023-01-25', '2022-12-28', 'Kendell', 'Guyot', 87.58, 'Housekeeper', 42, '37'),
   ('909-316-3716', 30, false, '2023-10-15', '2023-01-01', 'Mercy', 'Callander', 19.7, 'Front desk agent', 43, '38'),
   ('477-775-2496', 32, false, '2023-03-24', '2022-12-14', 'Janenna', 'MacFadden', 89.18, 'Front desk agent', 44, '36'),
   ('321-185-6190', 29, false, '2023-03-12', '2023-05-15', 'Ripley', 'Snarr', 34.61, 'Housekeeper', 45, '15'),
   ('951-663-4005', 27, false, '2023-05-08', '2023-01-31', 'Hedi', 'Grimbleby', 85.73, 'Project Manager', 46, '5'),
   ('906-792-1227', 22, false, '2023-02-11', '2023-02-05', 'Andee', 'Menel', 72.18, 'Supervisor', 47, '13'),
   ('669-921-7322', 32, true, '2023-05-16', '2023-07-03', 'Dyann', 'Seiffert', 35.56, 'Supervisor', 48, '33'),
   ('428-803-4904', 34, true, '2023-06-21', '2023-05-19', 'Cleopatra', 'Gaber', 54.53, 'Cook', 49, '29'),
   ('617-680-2047', 20, true, '2023-11-01', '2023-08-06', 'Bianka', 'Pirri', 78.23, 'Housekeeper', 50, '24'),
   ('470-941-2078', 21, false, '2023-09-23', '2023-03-09', 'Addison', 'Berecloth', 61.63, 'Project Manager', 51, '23'),
   ('336-304-1870', 32, true, '2022-12-06', '2023-01-06', 'Garek', 'Giacopetti', 83.52, 'Manager', 52, '60'),
   ('770-870-4237', 40, true, '2023-10-23', '2023-11-08', 'Carmelita', 'MacAndrew', 93.34, 'Manager', 53, '26'),
   ('790-636-0826', 23, false, '2023-01-27', '2023-10-17', 'Pen', 'Bosson', 96.62, 'Supervisor', 54, '35'),
   ('975-849-3194', 25, true, '2022-12-17', '2023-07-01', 'Deane', 'Wason', 43.43, 'Housekeeper', 55, '48'),
   ('716-648-1612', 21, true, '2023-08-05', '2023-11-08', 'Edin', 'Pither', 94.65, 'Manager', 56, '30'),
   ('575-807-6663', 21, false, '2023-06-08', '2023-09-17', 'Edik', 'Glacken', 17.88, 'Front desk agent', 57, '2'),
   ('937-502-7589', 33, true, '2023-04-10', '2023-10-15', 'Milly', 'Nesbeth', 97.59, 'Housekeeper', 58, '1'),
   ('516-873-6088', 30, false, '2023-01-15', '2023-10-13', 'Rockwell', 'Parsons', 42.2, 'Supervisor', 59, '14'),
   ('599-483-7914', 31, false, '2023-01-16', '2023-11-03', 'Fara', 'Easterling', 49.19, 'Front desk agent', 60, '31');

INSERT INTO Shift (timeOff, dateTimeEnd, employeeId, dateTimeStart)
VALUES
  (false, '2023-04-18 01:31:05', '40', '2023-07-05 18:45:58'),
  (false, '2023-03-12 11:21:05', '18', '2023-03-26 06:29:06'),
  (false, '2023-03-08 16:54:44', '52', '2023-06-06 14:20:22'),
  (true, '2023-04-28 07:25:30', '4', '2023-05-16 09:41:14'),
  (true, '2023-02-19 07:31:38', '2', '2023-09-13 02:24:45'),
  (true, '2022-12-12 23:17:48', '57', '2023-07-05 04:16:54'),
  (false, '2023-10-16 11:27:34', '50', '2023-02-27 00:04:47'),
  (false, '2023-03-18 22:43:47', '45', '2023-09-05 15:06:20'),
  (false, '2023-03-17 06:37:10', '25', '2023-08-26 10:45:57'),
  (true, '2022-12-17 10:43:46', '9', '2023-04-23 08:41:51'),
  (true, '2023-02-10 11:48:22', '8', '2022-12-05 18:09:47'),
  (false, '2023-01-15 07:08:26', '11', '2023-10-02 11:27:28'),
  (true, '2023-01-18 21:49:55', '5', '2023-02-07 14:43:20'),
  (true, '2023-09-23 03:53:50', '37', '2023-03-14 21:46:06'),
  (false, '2023-06-20 09:00:50', '38', '2023-01-25 18:44:24'),
  (false, '2023-06-30 18:43:51', '6', '2023-02-14 04:15:27'),
  (true, '2023-08-30 04:25:14', '32', '2023-08-13 19:00:47'),
  (false, '2022-12-26 23:15:35', '55', '2023-01-01 12:09:38'),
  (true, '2023-06-12 18:35:37', '17', '2023-09-30 08:53:25'),
  (true, '2023-07-19 13:18:42', '39', '2023-06-17 08:00:08'),
  (false, '2023-11-06 22:25:32', '24', '2023-06-08 20:54:21'),
  (false, '2023-05-28 21:05:39', '28', '2022-12-10 12:07:12'),
  (false, '2023-05-27 15:07:58', '16', '2023-08-20 16:15:34'),
  (false, '2023-06-13 15:33:27', '54', '2023-08-05 21:08:22'),
  (false, '2023-04-16 14:22:35', '31', '2023-03-20 04:40:36'),
  (true, '2023-03-06 12:34:29', '3', '2023-06-19 14:21:16'),
  (true, '2023-09-26 16:27:37', '34', '2023-04-03 04:11:07'),
  (true, '2023-11-26 19:03:26', '30', '2023-07-08 09:51:00'),
  (true, '2023-04-29 04:54:57', '46', '2023-08-31 16:18:10'),
  (true, '2023-07-01 06:45:39', '20', '2023-07-01 02:26:47'),
  (false, '2023-10-30 00:23:01', '53', '2022-12-13 21:16:15'),
  (true, '2023-09-30 11:42:55', '35', '2023-04-29 12:21:15'),
  (true, '2023-05-20 01:30:04', '60', '2023-07-28 21:53:27'),
  (false, '2023-10-12 05:14:58', '12', '2023-10-29 19:57:57'),
  (true, '2023-06-16 08:54:44', '58', '2023-06-01 21:30:52'),
  (false, '2023-10-21 04:48:48', '59', '2023-06-08 14:36:26'),
  (false, '2023-08-30 10:25:48', '13', '2023-04-19 02:58:12'),
  (true, '2023-07-03 09:00:06', '47', '2023-08-17 09:05:53'),
  (false, '2023-02-06 23:00:59', '7', '2023-08-21 20:12:29'),
  (false, '2023-08-19 07:35:07', '21', '2022-12-05 00:58:38');

Insert into Supplies (minUnits, unitsInStock, hotelId, name)
VALUES
  (63, 3797, '21', 'Coffee'),
  (58, 2949, '12', 'Coffee'),
  (54, 1317, '50', 'Conditioner'),
  (66, 172, '14', 'Toilet Paper'),
  (93, 1686, '16', 'Coffee'),
  (60, 2445, '23', 'Towels'),
  (75, 4725, '27', 'Toothpaste'),
  (60, 2753, '24', 'Cups'),
  (68, 4249, '25', 'Body Wash'),
  (94, 2957, '32', 'Shampoo'),
  (71, 3854, '56', 'Toilet Paper'),
  (91, 2554, '43', 'Towels'),
  (82, 2055, '26', 'Towels'),
  (63, 2200, '34', 'Pillows'),
  (88, 3774, '39', 'Toothpaste'),
  (63, 4543, '5', 'Pillows'),
  (96, 3147, '60', 'Towels'),
  (52, 3309, '11', 'Toothpaste'),
  (87, 3332, '33', 'Coffee'),
  (91, 331, '49', 'Coffee'),
  (78, 1295, '46', 'Pillows'),
  (74, 1002, '22', 'Toothpaste'),
  (84, 3295, '55', 'Towels'),
  (81, 448, '31', 'Cups'),
  (84, 1061, '36', 'Plates'),
  (80, 4147, '13', 'Body Wash'),
  (55, 1165, '52', 'Toilet Paper'),
  (89, 3153, '48', 'Toothpaste'),
  (57, 3523, '40', 'Towels'),
  (64, 1965, '37', 'Toothpaste'),
  (56, 4112, '2', 'Cups'),
  (57, 1846, '41', 'Towels'),
  (79, 2558, '59', 'Towels'),
  (93, 3009, '30', 'Tea'),
  (75, 4777, '19', 'Shampoo'),
  (98, 4450, '51', 'Cups'),
  (77, 2135, '9', 'Soap'),
  (52, 2245, '6', 'Towels'),
  (88, 2325, '28', 'Shampoo'),
  (100, 2453, '44', 'Toilet Paper'),
  (55, 4740, '3', 'Coffee'),
  (84, 1427, '38', 'Shampoo'),
  (93, 1977, '47', 'Plates'),
  (78, 791, '8', 'Soap'),
  (90, 3560, '1', 'Tea'),
  (68, 643, '7', 'Towels'),
  (93, 1149, '17', 'Conditioner'),
  (50, 3662, '10', 'Cups'),
  (99, 2962, '53', 'Plates'),
  (93, 1983, '42', 'Towels'),
  (88, 3184, '45', 'Plates'),
  (78, 1303, '15', 'Toothpaste'),
  (71, 1810, '20', 'Shampoo'),
  (100, 353, '54', 'Soap'),
  (61, 3303, '4', 'Plates'),
  (71, 4479, '18', 'Toothpaste'),
  (68, 2367, '58', 'Tea'),
  (91, 1191, '35', 'Body Wash'),
  (92, 3755, '29', 'Shampoo'),
  (50, 3210, '57', 'Toothpaste');

INSERT INTO Room (roomNum, cleaned, occupancy, yearlyMaintenance, roomPrice, hotelId)
VALUES
    ('1', true, 4, 5022.15, 211.77, '1'),
    ('2', false, 2, 5231.15, 211.77, '1'),
    ('3', false, 4, 5022.15, 211.77, '1'),
    ('4', false, 4, 5031.15, 211.77, '1'),
    ('5', true, 4, 5031.15, 211.77, '1'),
    ('6', false, 4, 5231.15, 217.77, '1'),
    ('7', false, 2, 5031.15, 217.77, '1'),
    ('8', false, 4, 5231.15, 217.77, '1'),
    ('9', true, 2, 5031.15, 217.77, '1'),
    ('10', false, 2, 5022.15, 211.77, '1'),
    ('11', false, 2, 5022.15, 222.37, '1'),
    ('12', false, 2, 5022.15, 217.77, '1'),
    ('13', true, 4, 5022.15, 211.77, '1'),
    ('14', false, 4, 5022.15, 211.77, '1'),
    ('15', false, 4, 5031.15, 217.77, '1'),
    ('16', true, 4, 5231.15, 222.37, '1'),
    ('17', false, 4, 5031.15, 211.77, '1'),
    ('18', false, 2, 5031.15, 222.37, '1'),
    ('19', true, 2, 5022.15, 211.77, '1'),
    ('20', false, 2, 5031.15, 211.77, '1'),
    ('21', false, 2, 5031.15, 211.77, '1'),
    ('22', false, 4, 5031.15, 222.37, '1'),
    ('23', true, 2, 5031.15, 222.37, '1'),
    ('24', true, 2, 5022.15, 222.37, '1'),
    ('25', true, 2, 5031.15, 211.77, '1'),
    ('26', false, 2, 5022.15, 211.77, '1'),
    ('27', true, 2, 5031.15, 217.77, '1'),
    ('28', true, 4, 5231.15, 211.77, '1'),
    ('29', false, 4, 5022.15, 211.77, '1'),
    ('30', true, 4, 5031.15, 222.37, '1'),
    ('31', true, 4, 5231.15, 211.77, '1'),
    ('32', false, 4, 5231.15, 222.37, '1'),
    ('33', true, 2, 5031.15, 222.37, '1'),
    ('34', false, 2, 5031.15, 222.37, '1'),
    ('35', true, 2, 5022.15, 217.77, '1'),
    ('36', false, 2, 5231.15, 211.77, '1'),
    ('37', false, 4, 5231.15, 217.77, '1'),
    ('38', true, 2, 5022.15, 211.77, '1'),
    ('39', false, 2, 5022.15, 211.77, '1'),
    ('40', false, 2, 5231.15, 217.77, '1'),
    ('41', true, 2, 5031.15, 217.77, '1'),
    ('42', false, 4, 5031.15, 217.77, '1'),
    ('43', false, 2, 5031.15, 211.77, '1'),
    ('44', true, 4, 5031.15, 222.37, '1'),
    ('45', false, 2, 5022.15, 222.37, '1'),
    ('46', true, 4, 5022.15, 222.37, '1'),
    ('47', false, 4, 5231.15, 211.77, '1'),
    ('48', true, 4, 5031.15, 211.77, '1'),
    ('49', false, 2, 5231.15, 211.77, '1'),
    ('50', false, 4, 5022.15, 211.77, '1'),
    ('1', false, 2, 5031.15, 217.77, '2'),
    ('2', true, 4, 5022.15, 211.77, '2'),
    ('3', false, 2, 5031.15, 211.77, '2'),
    ('4', true, 4, 5231.15, 217.77, '2'),
    ('5', false, 4, 5031.15, 211.77, '2'),
    ('6', true, 4, 5231.15, 211.77, '2'),
    ('7', false, 2, 5031.15, 222.37, '2'),
    ('8', true, 4, 5022.15, 211.77, '2'),
    ('9', false, 4, 5022.15, 211.77, '2'),
    ('10', true, 2, 5022.15, 217.77, '2'),
    ('11', false, 2, 5231.15, 211.77, '2'),
    ('12', true, 4, 5031.15, 211.77, '2'),
    ('13', false, 4, 5231.15, 211.77, '2'),
    ('14', true, 4, 5022.15, 211.77, '2'),
    ('15', false, 4, 5022.15, 222.37, '2'),
    ('16', true, 2, 5022.15, 217.77, '2'),
    ('17', false, 2, 5231.15, 211.77, '2'),
    ('18', true, 4, 5031.15, 211.77, '2'),
    ('19', false, 2, 5031.15, 222.37, '2'),
    ('20', true, 2, 5022.15, 211.77, '2'),
    ('21', false, 2, 5031.15, 211.77, '2'),
    ('22', true, 4, 5031.15, 222.37, '2'),
    ('23', false, 2, 5031.15, 222.37, '2'),
    ('24', true, 2, 5022.15, 222.37, '2'),
    ('25', false, 2, 5031.15, 211.77, '2'),
    ('26', true, 2, 5022.15, 211.77, '2'),
    ('27', false, 2, 5031.15, 217.77, '2'),
    ('28', true, 4, 5231.15, 211.77, '2'),
    ('29', false, 4, 5022.15, 211.77, '2'),
    ('30', true, 4, 5031.15, 222.37, '2'),
    ('31', false, 4, 5231.15, 211.77, '2'),
    ('32', true, 4, 5231.15, 222.37, '2'),
    ('33', false, 2, 5031.15, 222.37, '2'),
    ('34', true, 2, 5031.15, 222.37, '2'),
    ('35', false, 2, 5022.15, 217.77, '2'),
    ('36', true, 2, 5231.15, 211.77, '2'),
    ('37', false, 4, 5231.15, 217.77, '2'),
    ('38', true, 2, 5022.15, 211.77, '2'),
    ('39', false, 2, 5022.15, 211.77, '2'),
    ('40', true, 2, 5231.15, 217.77, '2'),
    ('41', false, 2, 5031.15, 217.77, '2'),
    ('1', true, 4, 4920.63, 221.17, '3'),
    ('2', true, 4, 4998.63, 228.17, '3'),
    ('3', true, 3, 5031.86, 200.96, '3'),
    ('4', false, 1, 5038.55, 193.32, '3'),
    ('5', false, 1, 4990.89, 247.47, '3'),
    ('6', false, 3, 4957.09, 217.83, '3'),
    ('7', false, 2, 5033.38, 244.35, '3'),
    ('8', false, 2, 4951.23, 204.03, '3'),
    ('9', true, 3, 5008.24, 226.92, '3'),
    ('10', true, 2, 5038.84, 235.25, '3'),
    ('11', true, 2, 4984.18, 229.57, '3'),
    ('12', true, 1, 5005.94, 248.95, '3'),
    ('13', true, 4, 5020.74, 234.0, '3'),
    ('14', false, 2, 4993.47, 209.24, '3'),
    ('15', false, 2, 4991.75, 244.93, '3'),
    ('16', false, 3, 5042.99, 211.46, '3'),
    ('17', false, 1, 4972.51, 233.21, '3'),
    ('18', true, 1, 5026.15, 201.77, '3'),
    ('19', false, 1, 4959.83, 223.55, '3'),
    ('20', false, 4, 4968.96, 201.44, '3'),
    ('21', true, 4, 5030.32, 243.18, '3'),
    ('22', true, 4, 4995.32, 223.57, '3'),
    ('23', false, 1, 5025.97, 239.29, '3'),
    ('24', false, 1, 5017.79, 198.71, '3'),
    ('25', false, 2, 4977.73, 194.21, '3'),
    ('26', true, 1, 4984.11, 220.29, '3'),
    ('27', false, 4, 5024.53, 195.08, '3'),
    ('28', true, 3, 4971.34, 217.77, '3'),
    ('29', true, 1, 4999.12, 242.77, '3'),
    ('30', true, 1, 4972.01, 192.41, '3'),
    ('31', false, 1, 4981.36, 194.62, '3'),
    ('32', true, 3, 5004.5, 237.21, '3'),
    ('33', true, 3, 4975.01, 236.88, '3'),
    ('34', false, 4, 4965.45, 196.11, '3'),
    ('35', false, 2, 4979.47, 193.64, '3'),
    ('36', true, 1, 5033.93, 232.11, '3'),
    ('37', false, 3, 5018.32, 238.86, '3'),
    ('38', true, 1, 4955.01, 214.54, '3'),
    ('39', false, 2, 4954.7, 198.43, '3'),
    ('40', true, 2, 4960.42, 230.3, '3'),
    ('41', false, 2, 4969.13, 217.71, '3'),
    ('42', false, 4, 5016.87, 205.8, '3'),
    ('43', false, 3, 4975.33, 245.87, '3'),
    ('44', false, 3, 5045.27, 214.6, '3'),
    ('45', false, 4, 4974.93, 221.98, '3'),
    ('46', false, 4, 5021.72, 197.72, '3'),
    ('47', true, 1, 4984.36, 223.61, '3'),
    ('48', false, 2, 5003.59, 240.87, '3'),
    ('49', false, 1, 5038.61, 230.34, '3'),
    ('50', false, 1, 5047.02, 246.22, '3'),
    ('1', true, 2, 5043.74, 228.94, '4'),
    ('2', true, 3, 5044.74, 248.74, '4'),
    ('3', false, 4, 5009.52, 228.15, '4'),
    ('4', false, 1, 4994.0, 241.78, '4'),
    ('5', true, 2, 4976.2, 192.1, '4'),
    ('6', false, 4, 4999.52, 216.92, '4'),
    ('7', false, 1, 4999.6, 208.24, '4'),
    ('8', true, 2, 4979.72, 218.0, '4'),
    ('9', true, 2, 5001.58, 200.9, '4'),
    ('10', false, 1, 4957.66, 218.51, '4'),
    ('11', false, 4, 4990.66, 212.91, '4'),
    ('12', false, 2, 4958.9, 213.41, '4'),
    ('13', true, 2, 4958.8, 218.66, '4'),
    ('14', false, 3, 4973.81, 203.31, '4'),
    ('15', false, 1, 5039.03, 217.45, '4'),
    ('16', false, 1, 4969.52, 247.32, '4'),
    ('17', true, 2, 5007.02, 249.07, '4'),
    ('18', true, 1, 4966.73, 210.09, '4'),
    ('19', false, 2, 5015.26, 225.24, '4'),
    ('20', true, 3, 4981.12, 203.13, '4'),
    ('21', false, 4, 4975.93, 232.31, '4'),
    ('22', false, 3, 5004.53, 248.33, '4'),
    ('23', false, 4, 4966.62, 198.66, '4'),
    ('24', false, 1, 4977.14, 247.22, '4'),
    ('25', false, 1, 5038.74, 206.11, '4'),
    ('26', false, 3, 4981.68, 211.94, '4'),
    ('27', false, 3, 4987.6, 222.69, '4'),
    ('28', true, 4, 4998.84, 235.38, '4'),
    ('29', false, 1, 5023.7, 204.02, '4'),
    ('30', false, 2, 4985.78, 243.1, '4'),
    ('31', true, 4, 4950.75, 221.78, '4'),
    ('32', false, 2, 4983.05, 245.36, '4'),
    ('33', true, 4, 4980.98, 212.01, '4'),
    ('34', false, 2, 4980.63, 200.86, '4'),
    ('35', true, 1, 5035.7, 225.12, '4'),
    ('36', true, 4, 4990.53, 243.2, '4'),
    ('37', true, 4, 5006.86, 230.85, '4'),
    ('38', true, 1, 4967.84, 219.1, '4'),
    ('39', false, 4, 4962.7, 234.3, '4'),
    ('40', true, 2, 4995.81, 226.09, '4'),
    ('41', true, 2, 5020.24, 214.48, '4'),
    ('42', true, 4, 5018.89, 210.85, '4'),
    ('43', false, 2, 5008.96, 235.38, '4'),
    ('44', false, 1, 4965.4, 227.51, '4'),
    ('45', true, 3, 5033.44, 200.6, '4'),
    ('46', false, 1, 5006.45, 194.18, '4'),
    ('47', true, 3, 5015.79, 233.75, '4'),
    ('48', false, 3, 4985.57, 233.62, '4'),
    ('49', false, 2, 5000.82, 244.76, '4'),
    ('50', false, 3, 4997.24, 214.28, '4'),
    ('1', false, 2, 4983.52, 236.57, '5'),
    ('2', false, 2, 4983.52, 236.57, '5'),
    ('3', false, 1, 4993.22, 201.11, '5'),
    ('4', true, 2, 5004.8, 240.01, '5'),
    ('5', false, 3, 4952.21, 223.35, '5'),
    ('6', true, 3, 5020.87, 210.31, '5'),
    ('7', false, 1, 4956.33, 229.18, '5'),
    ('8', false, 4, 4990.93, 193.76, '5'),
    ('9', false, 1, 5001.17, 208.3, '5'),
    ('10', true, 2, 4953.38, 204.19, '5'),
    ('11', false, 1, 5035.56, 219.89, '5'),
    ('12', false, 1, 5008.25, 237.21, '5'),
    ('13', false, 4, 5043.17, 216.16, '5'),
    ('14', false, 1, 4973.54, 190.04, '5'),
    ('15', false, 1, 4993.78, 205.61, '5'),
    ('16', true, 1, 5042.96, 207.97, '5'),
    ('17', false, 3, 5027.82, 212.92, '5'),
    ('18', false, 2, 4977.63, 244.67, '5'),
    ('19', true, 2, 4952.85, 197.82, '5'),
    ('20', true, 1, 5032.91, 224.3, '5'),
    ('21', false, 2, 4986.41, 240.69, '5'),
    ('22', false, 1, 5016.11, 246.5, '5'),
    ('23', true, 1, 5037.27, 215.34, '5'),
    ('24', false, 1, 4986.85, 217.16, '5'),
    ('25', false, 1, 4981.45, 199.67, '5'),
    ('26', true, 4, 4970.67, 224.61, '5'),
    ('27', false, 2, 4999.12, 242.73, '5'),
    ('28', false, 4, 4999.07, 236.71, '5'),
    ('29', true, 4, 5018.56, 225.02, '5'),
    ('30', false, 3, 5011.71, 223.3, '5'),
    ('31', true, 2, 4971.72, 210.68, '5'),
    ('32', true, 1, 4986.78, 209.92, '5'),
    ('33', true, 3, 5026.67, 202.88, '5'),
    ('34', false, 4, 5029.2, 246.66, '5'),
    ('35', true, 2, 5004.7, 221.65, '5'),
    ('36', true, 4, 4957.08, 213.78, '5'),
    ('37', false, 2, 4964.47, 215.91, '5'),
    ('38', true, 1, 5025.85, 201.98, '5'),
    ('39', false, 4, 5014.34, 223.4, '5'),
    ('40', true, 1, 5031.89, 248.72, '5'),
    ('41', true, 4, 4994.22, 232.79, '5'),
    ('42', false, 4, 5034.34, 214.36, '5'),
    ('43', false, 4, 4959.57, 240.2, '5'),
    ('44', true, 3, 4995.5, 222.25, '5'),
    ('45', false, 3, 4961.49, 210.26, '5'),
    ('46', false, 2, 4980.55, 247.37, '5'),
    ('47', true, 2, 4976.23, 195.84, '5'),
    ('48', true, 1, 5039.21, 215.75, '5'),
    ('49', true, 1, 4951.27, 208.68, '5'),
    ('50', false, 3, 4987.67, 212.28, '5'),
    ('1', false, 1, 5672.71, 245.91, '6'),
    ('2', false, 1, 4952.71, 236.91, '6'),
    ('3', true, 4, 4981.82, 208.47, '6'),
    ('4', false, 2, 5035.98, 207.13, '6'),
    ('5', false, 2, 4976.41, 231.92, '6'),
    ('6', true, 2, 5002.1, 208.4, '6'),
    ('7', false, 3, 4976.07, 245.22, '6'),
    ('8', true, 2, 4975.49, 221.96, '6'),
    ('9', true, 1, 4983.72, 213.13, '6'),
    ('10', true, 1, 4958.54, 200.02, '6'),
    ('11', true, 4, 4951.95, 213.07, '6'),
    ('12', false, 1, 5033.77, 248.9, '6'),
    ('13', false, 3, 4982.72, 248.67, '6'),
    ('14', true, 3, 5007.98, 195.12, '6'),
    ('15', false, 4, 4994.19, 202.65, '6'),
    ('16', false, 3, 4997.91, 222.29, '6'),
    ('17', false, 3, 5026.12, 241.62, '6'),
    ('18', false, 2, 4990.11, 218.31, '6'),
    ('19', false, 2, 4952.55, 193.75, '6'),
    ('20', true, 4, 4954.95, 204.02, '6'),
    ('21', false, 1, 4983.37, 228.87, '6'),
    ('22', true, 1, 4976.82, 233.85, '6'),
    ('23', true, 2, 4983.55, 198.63, '6'),
    ('24', false, 3, 5034.07, 201.12, '6'),
    ('25', false, 2, 4994.16, 238.05, '6'),
    ('26', true, 3, 5008.51, 214.66, '6'),
    ('27', false, 3, 4960.26, 205.04, '6'),
    ('28', false, 1, 5005.99, 230.94, '6'),
    ('29', false, 2, 4999.7, 240.71, '6'),
    ('30', true, 3, 5009.36, 193.27, '6'),
    ('31', true, 2, 5020.49, 237.75, '6'),
    ('32', true, 3, 4987.76, 213.08, '6'),
    ('33', true, 4, 5000.08, 202.95, '6'),
    ('34', false, 2, 4952.76, 218.18, '6'),
    ('35', false, 1, 4964.63, 249.3, '6'),
    ('36', false, 1, 4954.01, 221.09, '6'),
    ('37', false, 1, 4957.4, 196.82, '6'),
    ('38', false, 2, 4990.95, 225.96, '6'),
    ('39', false, 2, 4984.33, 213.17, '6'),
    ('40', true, 3, 5011.29, 205.26, '6'),
    ('41', false, 3, 5027.27, 243.38, '6'),
    ('42', true, 2, 4950.78, 227.38, '6'),
    ('43', false, 2, 4983.35, 208.99, '6'),
    ('44', true, 4, 4968.67, 202.72, '6'),
    ('45', false, 1, 4971.78, 215.31, '6'),
    ('46', true, 3, 5033.72, 201.27, '6'),
    ('47', false, 3, 4953.56, 199.08, '6'),
    ('48', false, 4, 4962.86, 237.53, '6'),
    ('49', true, 4, 4965.3, 243.93, '6'),
    ('50', true, 2, 5004.19, 233.3, '6'),
    ('1', true, 4, 4978.82, 238.45, '7'),
    ('2', true, 3, 5005.83, 231.96, '7'),
    ('3', false, 1, 4957.69, 192.37, '7'),
    ('4', false, 4, 5024.5, 248.34, '7'),
    ('5', false, 4, 5011.42, 246.4, '7'),
    ('6', false, 4, 4975.03, 201.44, '7'),
    ('7', true, 3, 4997.59, 220.77, '7'),
    ('8', false, 1, 5041.77, 244.19, '7'),
    ('9', false, 3, 5042.49, 219.99, '7'),
    ('10', true, 1, 5040.47, 216.77, '7'),
    ('11', false, 1, 5042.91, 227.14, '7'),
    ('12', true, 1, 4953.8, 227.71, '7'),
    ('13', true, 3, 5041.95, 237.76, '7'),
    ('14', true, 2, 4963.64, 218.68, '7'),
    ('15', true, 4, 4954.94, 209.06, '7'),
    ('16', true, 2, 4967.66, 223.6, '7'),
    ('17', true, 3, 4994.99, 213.64, '7'),
    ('18', false, 1, 4992.17, 238.43, '7'),
    ('19', false, 2, 4958.31, 211.06, '7'),
    ('20', true, 3, 5005.45, 240.53, '7'),
    ('21', false, 3, 5019.91, 231.37, '7'),
    ('22', true, 3, 4959.11, 192.65, '7'),
    ('23', true, 1, 5017.38, 195.22, '7'),
    ('24', true, 2, 5022.49, 222.62, '7'),
    ('25', false, 3, 5025.28, 224.58, '7'),
    ('26', false, 4, 4969.21, 194.02, '7'),
    ('27', false, 2, 5033.32, 234.06, '7'),
    ('28', true, 1, 5028.02, 206.09, '7'),
    ('29', true, 2, 4982.2, 224.48, '7'),
    ('30', false, 4, 4996.12, 233.13, '7'),
    ('31', false, 2, 4952.45, 193.54, '7'),
    ('32', true, 1, 4996.48, 220.98, '7'),
    ('33', true, 2, 5023.11, 212.08, '7'),
    ('34', true, 4, 4951.55, 249.66, '7'),
    ('35', true, 3, 5013.19, 202.25, '7'),
    ('36', true, 3, 4992.76, 191.77, '7'),
    ('37', false, 1, 4993.5, 236.48, '7'),
    ('38', false, 4, 5036.95, 232.74, '7'),
    ('39', true, 3, 5047.83, 243.72, '7'),
    ('40', true, 2, 4964.14, 208.14, '7'),
    ('41', false, 3, 5033.74, 197.36, '7'),
    ('42', true, 2, 4956.81, 249.3, '7'),
    ('43', false, 2, 5035.22, 240.63, '7'),
    ('44', true, 4, 5048.3, 213.8, '7'),
    ('45', true, 1, 4978.53, 225.27, '7'),
    ('46', false, 1, 5046.02, 227.29, '7'),
    ('47', true, 3, 4984.39, 242.86, '7'),
    ('48', false, 2, 4951.03, 238.42, '7'),
    ('49', false, 2, 5022.04, 248.55, '7'),
    ('50', true, 3, 5006.35, 218.84, '7'),
    ('1', false, 4, 4954.45, 230.83, '8'),
    ('2', false, 2, 5046.0, 191.14, '8'),
    ('3', false, 3, 5008.06, 206.67, '8'),
    ('4', true, 2, 5036.45, 215.52, '8'),
    ('5', true, 1, 4960.55, 246.62, '8'),
    ('6', false, 3, 5038.64, 206.91, '8'),
    ('7', true, 3, 5045.72, 193.94, '8'),
    ('8', true, 2, 4971.05, 195.27, '8'),
    ('9', true, 4, 4962.16, 218.09, '8'),
    ('10', false, 1, 4980.56, 224.37, '8'),
    ('11', false, 2, 4984.94, 249.3, '8'),
    ('12', false, 4, 5033.8, 222.91, '8'),
    ('13', true, 4, 5023.59, 235.34, '8'),
    ('14', true, 2, 5029.77, 215.84, '8'),
    ('15', false, 1, 5047.92, 208.56, '8'),
    ('16', true, 3, 5023.79, 237.33, '8'),
    ('17', true, 1, 5002.04, 221.73, '8'),
    ('18', true, 4, 4952.05, 190.69, '8'),
    ('19', true, 3, 4979.87, 222.84, '8'),
    ('20', false, 4, 4965.43, 240.9, '8'),
    ('21', false, 4, 4999.28, 217.02, '8'),
    ('22', false, 2, 5017.77, 224.14, '8'),
    ('23', true, 2, 4956.29, 201.9, '8'),
    ('24', true, 4, 4965.19, 223.32, '8'),
    ('25', false, 3, 5020.79, 218.26, '8'),
    ('26', false, 2, 5021.29, 239.78, '8'),
    ('27', true, 4, 5017.8, 230.62, '8'),
    ('28', true, 2, 5015.62, 211.97, '8'),
    ('29', true, 2, 5001.02, 191.51, '8'),
    ('30', true, 2, 4983.84, 212.62, '8'),
    ('31', false, 2, 4968.58, 213.55, '8'),
    ('32', false, 4, 5033.64, 240.23, '8'),
    ('33', true, 2, 5038.88, 247.3, '8'),
    ('34', false, 4, 4951.49, 193.91, '8'),
    ('35', true, 4, 5037.05, 209.08, '8'),
    ('36', false, 2, 4993.81, 223.31, '8'),
    ('37', false, 1, 4970.63, 207.71, '8'),
    ('38', false, 4, 4997.12, 231.47, '8'),
    ('39', false, 4, 5041.88, 232.66, '8'),
    ('40', false, 1, 5029.73, 212.34, '8'),
    ('41', true, 1, 5042.35, 216.98, '8'),
    ('42', true, 3, 4973.11, 192.18, '8'),
    ('43', true, 1, 5009.74, 232.27, '8'),
    ('44', false, 3, 4955.99, 248.83, '8'),
    ('45', true, 4, 5031.08, 229.37, '8'),
    ('46', true, 4, 4985.85, 227.1, '8'),
    ('47', true, 2, 5035.83, 200.61, '8'),
    ('48', true, 2, 5028.51, 217.52, '8'),
    ('49', false, 1, 4961.15, 205.91, '8'),
    ('50', true, 1, 5026.23, 192.96, '8'),
    ('1', true, 2, 5014.65, 204.14, '9'),
    ('2', true, 1, 5043.86, 198.75, '9'),
    ('3', true, 1, 5001.16, 225.81, '9'),
    ('4', true, 1, 5046.62, 237.99, '9'),
    ('5', true, 1, 5034.95, 207.35, '9'),
    ('6', false, 4, 5022.24, 203.59, '9'),
    ('7', false, 2, 5013.39, 229.58, '9'),
    ('8', false, 1, 4966.71, 198.56, '9'),
    ('9', false, 4, 5011.69, 233.2, '9'),
    ('10', false, 1, 4952.26, 209.21, '9'),
    ('11', true, 4, 5043.11, 235.84, '9'),
    ('12', false, 3, 5021.43, 216.54, '9'),
    ('13', true, 2, 4992.54, 246.92, '9'),
    ('14', false, 1, 5012.78, 229.81, '9'),
    ('15', false, 3, 5030.88, 248.28, '9'),
    ('16', false, 4, 5039.13, 198.05, '9'),
    ('17', true, 2, 5046.53, 248.39, '9'),
    ('18', false, 2, 5009.01, 214.34, '9'),
    ('19', false, 4, 5021.06, 224.74, '9'),
    ('20', true, 1, 4959.38, 194.53, '9'),
    ('21', false, 4, 5044.5, 236.96, '9'),
    ('22', true, 4, 4973.87, 199.04, '9'),
    ('23', false, 4, 5032.7, 227.03, '9'),
    ('24', true, 3, 5035.6, 249.04, '9'),
    ('25', false, 2, 4967.79, 249.65, '9'),
    ('26', true, 2, 4951.53, 220.13, '9'),
    ('27', true, 3, 5024.0, 240.48, '9'),
    ('28', true, 4, 4957.42, 219.61, '9'),
    ('29', true, 4, 4998.14, 217.52, '9'),
    ('30', false, 2, 4960.46, 212.41, '9'),
    ('31', true, 2, 4952.03, 233.93, '9'),
    ('32', true, 1, 5008.27, 221.98, '9'),
    ('33', true, 3, 5045.79, 245.79, '9'),
    ('34', true, 2, 5048.48, 193.61, '9'),
    ('35', true, 2, 5042.49, 243.15, '9'),
    ('36', false, 3, 5049.75, 200.91, '9'),
    ('37', true, 1, 4966.04, 232.04, '9'),
    ('38', true, 2, 4958.63, 193.75, '9'),
    ('39', false, 4, 5049.4, 190.6, '9'),
    ('40', false, 3, 4982.1, 221.54, '9'),
    ('41', false, 3, 5029.13, 205.39, '9'),
    ('42', false, 3, 4980.92, 197.69, '9'),
    ('43', false, 1, 4985.04, 228.72, '9'),
    ('44', false, 2, 4993.31, 242.25, '9'),
    ('45', true, 2, 4990.46, 214.37, '9'),
    ('46', false, 1, 4983.77, 213.0, '9'),
    ('47', false, 4, 5042.98, 243.8, '9'),
    ('48', false, 4, 4984.36, 217.25, '9'),
    ('49', false, 3, 5026.93, 209.94, '9'),
    ('50', true, 3, 5044.04, 207.17, '9'),
    ('1', false, 3, 5046.35, 245.65, '10'),
    ('2', false, 2, 4964.42, 227.9, '10'),
    ('3', true, 3, 4959.25, 214.89, '10'),
    ('4', false, 1, 4961.04, 191.49, '10'),
    ('5', false, 1, 4954.75, 214.29, '10'),
    ('6', true, 4, 4984.63, 197.72, '10'),
    ('7', true, 1, 4973.55, 214.51, '10'),
    ('8', true, 4, 5045.85, 224.44, '10'),
    ('9', true, 2, 5022.18, 239.25, '10'),
    ('10', false, 2, 4964.51, 244.45, '10'),
    ('11', false, 1, 5018.2, 218.75, '10'),
    ('12', true, 2, 5007.34, 222.86, '10'),
    ('13', true, 2, 5019.62, 195.0, '10'),
    ('14', false, 4, 4984.91, 247.16, '10'),
    ('15', false, 4, 5001.55, 229.41, '10'),
    ('16', true, 2, 5043.01, 206.32, '10'),
    ('17', true, 3, 5001.37, 236.1, '10'),
    ('18', true, 2, 5003.13, 237.0, '10'),
    ('19', true, 2, 4965.61, 212.81, '10'),
    ('20', false, 1, 4998.7, 224.96, '10'),
    ('21', true, 4, 4971.53, 217.13, '10'),
    ('22', true, 1, 5000.12, 190.89, '10'),
    ('23', true, 4, 5013.48, 215.83, '10'),
    ('24', false, 4, 4995.81, 197.47, '10'),
    ('25', true, 4, 4982.01, 216.61, '10'),
    ('26', false, 4, 4969.81, 218.11, '10'),
    ('27', false, 2, 5010.19, 239.85, '10'),
    ('28', true, 1, 5008.2, 196.36, '10'),
    ('29', true, 3, 4999.04, 247.25, '10'),
    ('30', false, 2, 4953.44, 208.33, '10'),
    ('31', true, 3, 4951.39, 221.0, '10'),
    ('32', false, 2, 4997.95, 203.9, '10'),
    ('33', false, 4, 5016.1, 249.57, '10'),
    ('34', true, 1, 4971.94, 220.74, '10'),
    ('35', true, 2, 4995.33, 236.27, '10'),
    ('36', true, 4, 4980.29, 217.43, '10'),
    ('37', true, 3, 5027.67, 212.81, '10'),
    ('38', true, 2, 5004.47, 241.19, '10'),
    ('39', false, 4, 5012.53, 223.07, '10'),
    ('40', false, 3, 5016.32, 229.47, '10'),
    ('41', false, 4, 4975.92, 190.47, '10'),
    ('42', true, 2, 5015.49, 218.4, '10'),
    ('43', false, 3, 5013.42, 242.57, '10'),
    ('44', false, 1, 5047.39, 234.78, '10'),
    ('45', true, 3, 5016.76, 208.66, '10'),
    ('46', false, 1, 4996.23, 200.11, '10'),
    ('47', false, 4, 4985.76, 243.57, '10'),
    ('48', true, 3, 4986.51, 198.82, '10'),
    ('49', true, 4, 5047.21, 241.48, '10'),
    ('50', true, 3, 5033.7, 197.97, '10');
    



INSERT INTO Customer (phoneNumber, mostRecentStay, firstName, lastName, customerId)
  VALUES
  ('752-647-6613', '2023-03-05', 'Cullan', 'Eakens', 1),
  ('812-431-6935', '2023-06-09', 'Roselia', 'Davidy', 2),
  ('292-588-3795', '2023-10-31', 'Lila', 'Torr', 3),
  ('998-283-5874', '2023-04-13', 'Julianna', 'Duinbleton', 4),
  ('778-763-2903', '2023-05-09', 'Ynez', 'Cluley', 5),
  ('929-985-0970', '2023-05-28', 'Prinz', 'Blakeney', 6),
  ('337-925-1049', '2023-04-21', 'Forrest', 'Allanson', 7),
  ('183-155-1932', '2023-04-30', 'Sinclair', 'Dodman', 8),
  ('412-623-0505', '2022-12-12', 'Jaymie', 'France', 9),
  ('574-158-3387', '2023-09-24', 'Vonny', 'Sprigings', 10),
  ('674-978-7635', '2023-04-01', 'Meriel', 'Geerling', 11),
  ('632-260-5135', '2023-01-20', 'Nancy', 'Tomney', 12),
  ('807-685-3922', '2023-01-19', 'Jodi', 'Hamnett', 13),
  ('286-321-9410', '2023-07-26', 'Kerwin', 'Peirce', 14),
  ('400-392-9099', '2023-07-12', 'Alexandros', 'Jonah', 15),
  ('338-213-6236', '2023-10-02', 'Averyl', 'Watmore', 16),
  ('683-485-7109', '2023-02-18', 'Allys', 'Stambridge', 17),
  ('988-171-5458', '2023-04-20', 'Kerry', 'Griswaite', 18),
  ('195-971-2247', '2023-05-10', 'Berny', 'Steiner', 19),
  ('431-720-2054', '2023-08-06', 'Cassandry', 'Lowerson', 20),
  ('864-665-7422', '2023-09-28', 'Remington', 'Vasiljevic', 21),
  ('331-880-5649', '2023-09-02', 'Cosmo', 'Schapiro', 22),
  ('950-596-8889', '2023-03-28', 'Saudra', 'Campes', 23),
  ('254-411-0539', '2023-06-25', 'Nicolea', 'Hindmoor', 24),
  ('214-886-3331', '2023-01-10', 'Tracee', 'Marmion', 25),
  ('686-908-1438', '2023-11-10', 'Sibbie', 'Delahunty', 26),
  ('585-264-1926', '2023-08-02', 'Karleen', 'Farrans', 27),
  ('883-998-8257', '2023-09-08', 'Gabbie', 'Craigg', 28),
  ('292-432-9989', '2023-02-07', 'Mariam', 'Bessom', 29),
  ('193-582-6056', '2023-10-08', 'Kanya', 'Charity', 30),
  ('453-888-2682', '2023-06-30', 'Clio', 'Robottham', 31),
  ('548-729-2818', '2023-02-22', 'Madeline', 'Hele', 32),
  ('525-122-3405', '2023-01-03', 'Aaron', 'Thackston', 33),
  ('372-615-9624', '2023-10-30', 'Vitoria', 'Lucey', 34),
  ('418-251-8438', '2023-10-26', 'Sharla', 'Matteuzzi', 35),
  ('639-881-9965', '2023-04-15', 'Kerwin', 'Perrigo', 36),
  ('643-379-7060', '2023-09-25', 'Cooper', 'Sherrell', 37),
  ('916-339-5133', '2023-07-06', 'Emerson', 'Stubbs', 38),
  ('473-851-1393', '2023-12-01', 'Israel', 'Vigar', 39),
  ('712-504-9341', '2023-08-14', 'Raffaello', 'Leghorn', 40),
  ('632-282-8469', '2023-10-23', 'Neel', 'Reside', 41),
  ('261-495-4924', '2023-06-03', 'Rosamond', 'Jahnig', 42),
  ('326-445-1661', '2023-11-25', 'Andreana', 'Elcum', 43),
  ('425-858-7141', '2023-04-05', 'Judi', 'Jeeves', 44),
  ('231-384-2059', '2023-02-27', 'Emanuele', 'Everleigh', 45),
  ('823-946-5415', '2023-05-02', 'Clea', 'McKennan', 46),
  ('120-424-4325', '2023-05-19', 'Nadiya', 'Posner', 47),
  ('805-405-0300', '2023-09-18', 'Nicoline', 'Rayson', 48),
  ('916-343-3795', '2023-04-02', 'Bambi', 'Leyburn', 49),
  ('592-640-1953', '2022-12-28', 'Rikki', 'Switzer', 50),
  ('493-438-6213', '2023-06-23', 'Boote', 'Abrahmer', 51),
  ('117-769-0782', '2023-07-18', 'Elfrieda', 'Hofner', 52),
  ('782-784-0125', '2023-02-15', 'Gay', 'Gaynesford', 53),
  ('648-784-0980', '2023-11-21', 'Emilee', 'Ferrandez', 54),
  ('880-997-0739', '2023-01-17', 'Erinn', 'Vidler', 55),
  ('451-147-8484', '2023-02-26', 'Conrado', 'Coney', 56),
  ('758-946-0230', '2023-03-11', 'Evin', 'Newbigging', 57),
  ('931-589-3682', '2023-08-30', 'Anthony', 'Messenger', 58),
  ('204-563-2363', '2022-12-29', 'Powell', 'Vedstra', 59),
  ('105-249-3372', '2022-12-11', 'Codie', 'Lyte', 60)
;

Insert into Booking (occupancyStartDate, occupancyEndDate, roomNum, hotelId, customerId)
  VALUES
    ('2022-12-30', '2023-05-18', '25', '32', '54'),
    ('2023-11-04', '2023-07-27', '33', '46', '37'),
    ('2022-12-05', '2023-10-10', '55', '29', '26'),
    ('2023-04-03', '2023-07-10', '51', '27', '22'),
    ('2023-04-17', '2023-05-25', '15', '1', '33'),
    ('2023-10-13', '2023-10-30', '19', '25', '17'),
    ('2022-12-20', '2023-08-13', '31', '49', '45'),
    ('2023-09-29', '2023-01-29', '59', '37', '44'),
    ('2023-02-03', '2023-08-07', '17', '58', '32'),
    ('2023-01-26', '2023-05-24', '24', '35', '10'),
    ('2023-08-08', '2023-09-06', '5', '47', '55'),
    ('2023-01-03', '2023-02-20', '40', '23', '8'),
    ('2023-02-14', '2023-06-15', '13', '19', '40'),
    ('2023-04-27', '2023-05-20', '7', '45', '7'),
    ('2023-11-27', '2023-09-10', '1', '20', '47'),
    ('2023-04-26', '2023-09-29', '32', '3', '18'),
    ('2023-04-17', '2023-01-26', '44', '41', '16'),
    ('2023-01-04', '2023-11-09', '30', '6', '31'),
    ('2023-04-23', '2023-09-21', '58', '14', '48'),
    ('2023-07-09', '2023-04-29', '54', '48', '29'),
    ('2023-10-12', '2023-08-14', '60', '7', '6'),
    ('2023-08-31', '2023-02-20', '49', '50', '12'),
    ('2023-12-01', '2023-02-22', '2', '5', '5'),
    ('2023-01-03', '2023-08-02', '42', '24', '11'),
    ('2023-04-01', '2023-08-29', '21', '39', '27'),
    ('2023-06-21', '2023-08-21', '3', '38', '19'),
    ('2023-02-04', '2023-05-07', '26', '52', '9'),
    ('2022-12-03', '2023-03-22', '11', '10', '35'),
    ('2023-06-29', '2023-08-20', '53', '40', '57'),
    ('2023-03-16', '2023-06-23', '37', '15', '39'),
    ('2023-04-10', '2023-05-24', '57', '44', '3'),
    ('2023-10-28', '2023-05-26', '45', '36', '38'),
    ('2023-01-24', '2023-08-28', '27', '13', '50'),
    ('2023-06-08', '2023-07-14', '47', '31', '56'),
    ('2023-11-06', '2023-10-26', '14', '9', '15'),
    ('2023-05-11', '2023-01-30', '29', '11', '1'),
    ('2023-09-30', '2023-04-13', '10', '57', '51'),
    ('2023-08-08', '2023-11-21', '39', '60', '53'),
    ('2023-09-22', '2023-06-01', '41', '33', '14');

INSERT INTO Preference (customerId, preference)
VALUES
  ('18', 'close to gym'),
  ('53', 'high floor'),
  ('1', 'bathroom grab bars'),
  ('4', 'city view'),
  ('60', 'late checkout'),
  ('26', 'ocean-view'),
  ('22', 'extra toiletries'),
  ('24', 'close to gym'),
  ('20', 'early check-in'),
  ('31', ''),
  ('33', 'accessible room'),
  ('46', 'city view'),
  ('3', 'late checkout'),
  ('38', 'accessible room'),
  ('34', 'late checkout'),
  ('27', 'crib'),
  ('52', 'iron-board'),
  ('12', ''),
  ('21', 'city view'),
  ('37', 'extra toiletries'),
  ('56', 'ocean-view'),
  ('28', ''),
  ('35', 'close to gym'),
  ('50', 'extra pillows'),
  ('6', 'close to gym'),
  ('29', 'non-smoking room'),
  ('41', 'extra toiletries'),
  ('57', 'accessible room'),
  ('49', 'away from elevator'),
  ('44', 'accessible room'),
  ('25', 'pet-friendly'),
  ('5', 'bathroom grab bars'),
  ('48', 'crib'),
  ('13', 'bathroom grab bars'),
  ('51', 'close to gym'),
  ('36', 'away from ice machine'),
  ('55', 'accessible room'),
  ('54', 'away from elevator'),
  ('42', 'iron-board'),
  ('45', 'extra pillows'),
  ('59', 'extra pillows'),
  ('40', 'early check-in'),
  ('2', 'extra towels'),
  ('32', ''),
  ('15', 'high floor'),
  ('16', 'iron-board'),
  ('9', 'crib'),
  ('39', 'bathroom grab bars'),
  ('10', 'non-smoking room'),
  ('8', ''),
  ('11', 'early check-in'),
  ('58', 'away from elevator'),
  ('30', 'bathroom grab bars'),
  ('14', 'extra pillows'),
  ('19', ''),
  ('47', 'bathroom grab bars'),
  ('43', 'crib'),
  ('17', ''),
  ('23', 'late checkout'),
  ('7', 'city view');

